,thumb_1,thumb_2,thumb_3,index_finger_1,index_finger_2,index_finger_3,middle_finger_1,middle_finger_2,middle_finger_3,ring_finger_1,ring_finger_2,ring_finger_3,pinky_1,pinky_2,pinky_3
angles for frame_0,146.086324521977,159.11471783234782,172.13523763111468,142.77960120317624,162.70694015393596,170.95147792896137,138.78002737674535,141.58412758892206,166.36330757541776,144.37500788409508,139.9649881102212,169.21582423793143,145.13134621465812,156.53529118762935,171.84462727883115
