,thumb_1,thumb_2,thumb_3,index_finger_1,index_finger_2,index_finger_3,middle_finger_1,middle_finger_2,middle_finger_3,ring_finger_1,ring_finger_2,ring_finger_3,pinky_1,pinky_2,pinky_3
angles for frame_0,21.198242643603713,3.7148654208098284,16.795573410066112,13.161562574551665,2.3115914128026382,1.8478007139710184,2.383667464485111,1.219652816730569,0.9098679548997483,12.086387913224032,2.4022943722942385,0.8806125320322681,17.86935831966058,1.0597967747250923,4.9548133076330325
