,thumb_1,thumb_2,thumb_3,index_finger_1,index_finger_2,index_finger_3,middle_finger_1,middle_finger_2,middle_finger_3,ring_finger_1,ring_finger_2,ring_finger_3,pinky_1,pinky_2,pinky_3
max_angles,"[46.522513347609866, 42.45446607019647]",[],[9.07300625450881],"[69.39135782798314, 78.01508614663025]","[69.68299328734915, 69.49617832208841]","[22.426859393207337, 30.249527952195276]","[68.55613247979576, 80.50629212149201]","[87.33309436022391, 75.45662481450277]","[21.52302046648305, 24.65341964398181]","[75.74890519048878, 78.93212788887718]","[87.287852072836, 78.58338528521536]","[29.50909988484655, 30.98490475529918]","[79.65988908837024, 75.90513091697777]","[56.25626676928215, 59.44809047485423]","[29.485577943779123, 30.889554528954168]"
min_angles,"[21.43411265694134, 33.62295836876474]",[17.901508356781466],"[6.56877949717074, 6.328607072535874]","[29.17258312163786, 16.548103677740745]","[2.2493848479183316, 3.6926805576001525]","[3.8411305295035127, 4.16219039156899]","[19.780629374531216, 5.260325942321671]","[7.247807225926096, 7.29482178647903]","[3.9995229209706884, 1.1271980853627375]","[14.382164798993145, 14.926876569908645]","[11.990802551896678, 12.008783579418072]","[6.636784004788858, 1.7558094045222343]","[23.129248779076168, 25.115999758251885]","[11.372221133002753, 12.21043769337573]","[7.4523158539115855, 7.662857608747281]"
max_times,[ 60 183],[],[114],[ 64 185],[ 86 185],[ 60 185],[ 88 185],[ 61 185],[ 63 185],[ 68 185],[ 61 185],[ 59 185],[ 84 185],[ 61 185],[ 61 185]
min_times,[ 24 114],[59],[ 57 185],[ 32 119],[ 32 120],[ 32 154],[ 32 116],[ 32 113],[ 32 154],[ 32 114],[ 32 113],[ 32 157],[ 29 113],[ 32 113],[ 32 113]
