,thumb_1,thumb_2,thumb_3,index_finger_1,index_finger_2,index_finger_3,middle_finger_1,middle_finger_2,middle_finger_3,ring_finger_1,ring_finger_2,ring_finger_3,pinky_1,pinky_2,pinky_3
angles for frame_0,134.3723639130377,138.77593834815332,178.58798347267154,170.61041659690693,173.3897734281889,179.44389879273734,174.92553758431316,169.6251496837853,176.83613934909107,165.740364862867,169.22130015392773,172.94287403311446,128.42866763363386,85.07402926084262,160.80695989604058
